{
	"description": "项目配置文件。",
	"setting": {
		"urlCheck": true,
		"es6": true,
		"postcss": true,
		"minified": true,
		"newFeature": true
	},
	"compileType": "miniprogram",
	"libVersion": "1.9.94",
	"appid": "wxb2befeb1da6c0bde",
	"projectname": "gongxiu",
	"isGameTourist": false,
	"condition": {
		"search": {
			"current": -1,
			"list": []
		},
		"conversation": {
			"current": -1,
			"list": []
		},
		"plugin": {
			"current": -1,
			"list": []
		},
		"game": {
			"currentL": -1,
			"list": []
		},
		"miniprogram": {
			"current": 0,
			"list": [
				{
					"id": -1,
					"name": "共修群",
					"pathName": "pages/index/index",
					"query": "",
					"scene": "1044",
					"shareInfo": {
						"groupName": "测试模拟群1",
						"shareName": "KZLhl7FIgQZgNFGaJG84EIjzpq0ly20yEWTSw1Kle9g@cr4dev",
						"shareKey": "PLuRb3ivZqDOe2Cdf3dXCDhEqicPi1JdClu32wUPTmUecF0bgKb_Gges7uV1pQ8x89Hpje8aUAgm2uINBRKJDQ~~"
					}
				},
				{
					"id": -1,
					"name": "共修群",
					"pathName": "pages/index/index",
					"query": "",
					"scene": "1044",
					"shareInfo": {
						"groupName": "测试模拟群1",
						"shareName": "KZLhl7FIgQZgNFGaJG84EIjzpq0ly20yEWTSw1Kle9g@cr4dev",
						"shareKey": "PLuRb3ivZqDOe2Cdf3dXCDhEqicPi1JdClu32wUPTmUecF0bgKb_Gges7uV1pQ8x89Hpje8aUAgm2uINBRKJDQ~~"
					}
				},
				{
					"id": -1,
					"name": "ces",
					"pathName": "pages/index/index",
					"query": "",
					"scene": "1008"
				},
				{
					"id": -1,
					"name": "测试启动页",
					"pathName": "pages/end/end",
					"query": "",
					"scene": "1001"
				}
			]
		}
	}
}